{
  "legacy-01-one-flight-one-club": {
    "06f0b8ba-0313-e04a-a28a-27e62837d686": {
      "teamScore": 100,
      "workingTeamScore": 100,
      "pilots": {
        "1": 100,
        "2": 0
      }
    }
  },
  "legacy-02-two-flights-two-clubs": {
    "06f0b8ba-0313-e04a-a28a-27e62837d686": {
      "teamScore": 200,
      "workingTeamScore": 211,
      "pilots": {
        "1": 200,
        "2": 11.518559
      }
    },
    "7da275f1-b8db-ce4a-b1d6-f77610c5697c": {
      "teamScore": 47,
      "workingTeamScore": 50,
      "pilots": {
        "1": 50.243717
      }
    }
  },
  "legacy-03-three-flights-three-clubs": {
    "06f0b8ba-0313-e04a-a28a-27e62837d686": {
      "teamScore": 450,
      "workingTeamScore": 613,
      "pilots": {
        "1": 450.00003,
        "2": 163.296
      }
    },
    "7da275f1-b8db-ce4a-b1d6-f77610c5697c": {
      "teamScore": 146,
      "workingTeamScore": 199,
      "pilots": {
        "1": 199.80002
      }
    },
    "e63c5816-6906-fd4a-9739-30a8a2b1beda": {
      "teamScore": 117,
      "workingTeamScore": 160,
      "pilots": {
        "1": 160.38
      }
    }
  },
  "legacy-04-four-flights-four-clubs": {
    "06f0b8ba-0313-e04a-a28a-27e62837d686": {
      "teamScore": 800,
      "workingTeamScore": 1380,
      "pilots": {
        "1": 800,
        "2": 580.6452
      }
    },
    "7da275f1-b8db-ce4a-b1d6-f77610c5697c": {
      "teamScore": 374,
      "workingTeamScore": 646,
      "pilots": {
        "1": 646.09973
      }
    },
    "e63c5816-6906-fd4a-9739-30a8a2b1beda": {
      "teamScore": 90,
      "workingTeamScore": 156,
      "pilots": {
        "1": 156.24635
      }
    },
    "eebfbd6e-471d-284f-b8ab-cbcddc115542": {
      "teamScore": 54,
      "workingTeamScore": 93,
      "pilots": {
        "1": 93.841644
      }
    }
  },
  "legacy-05-five-plus-all-wings": {
    "06f0b8ba-0313-e04a-a28a-27e62837d686": {
      "teamScore": 1000,
      "workingTeamScore": 3329,
      "pilots": {
        "1": 1000,
        "2": 866.82684,
        "3": 660,
        "4": 719.8558,
        "5": 728.8462,
        "6": 733.97437
      }
    },
    "7da275f1-b8db-ce4a-b1d6-f77610c5697c": {
      "teamScore": 514,
      "workingTeamScore": 1711,
      "pilots": {
        "1": 890.22437,
        "2": 821.0336
      }
    },
    "e63c5816-6906-fd4a-9739-30a8a2b1beda": {
      "teamScore": 173,
      "workingTeamScore": 576,
      "pilots": {
        "1": 576.92303
      }
    },
    "eebfbd6e-471d-284f-b8ab-cbcddc115542": {
      "teamScore": 127,
      "workingTeamScore": 422,
      "pilots": {
        "1": 422.30768
      }
    }
  },
  "legacy-06-noscore-removed-flight": {
    "06f0b8ba-0313-e04a-a28a-27e62837d686": {
      "teamScore": 600,
      "workingTeamScore": 600,
      "pilots": {
        "1": 600,
        "2": 0,
        "3": 378
      }
    },
    "7da275f1-b8db-ce4a-b1d6-f77610c5697c": {
      "teamScore": 252,
      "workingTeamScore": 252,
      "pilots": {
        "1": 252.00003,
        "2": 0
      }
    },
    "e63c5816-6906-fd4a-9739-30a8a2b1beda": {
      "teamScore": 188,
      "workingTeamScore": 188,
      "pilots": {
        "1": 188.99998
      }
    }
  },
  "legacy-07-banker-rounding": {
    "06f0b8ba-0313-e04a-a28a-27e62837d686": {
      "teamScore": 750,
      "workingTeamScore": 1050,
      "pilots": {
        "1": 750,
        "2": 300
      }
    },
    "7da275f1-b8db-ce4a-b1d6-f77610c5697c": {
      "teamScore": 456,
      "workingTeamScore": 638,
      "pilots": {
        "1": 344.25,
        "2": 294
      }
    },
    "e63c5816-6906-fd4a-9739-30a8a2b1beda": {
      "teamScore": 254,
      "workingTeamScore": 356,
      "pilots": {
        "1": 356.4
      }
    }
  },
  "legacy-08-season-r1": {
    "06f0b8ba-0313-e04a-a28a-27e62837d686": {
      "teamScore": 450,
      "workingTeamScore": 450,
      "pilots": {
        "1": 450.00003
      }
    },
    "7da275f1-b8db-ce4a-b1d6-f77610c5697c": {
      "teamScore": 357,
      "workingTeamScore": 357,
      "pilots": {
        "1": 357.35297
      }
    },
    "e63c5816-6906-fd4a-9739-30a8a2b1beda": {
      "teamScore": 275,
      "workingTeamScore": 275,
      "pilots": {
        "1": 275.29413
      }
    }
  },
  "legacy-08-season-r2": {
    "06f0b8ba-0313-e04a-a28a-27e62837d686": {
      "teamScore": 423,
      "workingTeamScore": 423,
      "pilots": {
        "1": 423.00003
      }
    },
    "7da275f1-b8db-ce4a-b1d6-f77610c5697c": {
      "teamScore": 450,
      "workingTeamScore": 450,
      "pilots": {
        "1": 450.00003
      }
    },
    "e63c5816-6906-fd4a-9739-30a8a2b1beda": {
      "teamScore": 213,
      "workingTeamScore": 213,
      "pilots": {
        "1": 213.84003
      }
    }
  },
  "legacy-08-season-r3": {
    "06f0b8ba-0313-e04a-a28a-27e62837d686": {
      "teamScore": 450,
      "workingTeamScore": 450,
      "pilots": {
        "1": 450.00003
      }
    },
    "7da275f1-b8db-ce4a-b1d6-f77610c5697c": {
      "teamScore": 337,
      "workingTeamScore": 337,
      "pilots": {
        "1": 337.9311
      }
    },
    "e63c5816-6906-fd4a-9739-30a8a2b1beda": {
      "teamScore": 353,
      "workingTeamScore": 353,
      "pilots": {
        "1": 353.44833
      }
    }
  },
  "legacy-08-season-r4": {
    "06f0b8ba-0313-e04a-a28a-27e62837d686": {
      "teamScore": 331,
      "workingTeamScore": 331,
      "pilots": {
        "1": 331.57895
      }
    },
    "7da275f1-b8db-ce4a-b1d6-f77610c5697c": {
      "teamScore": 450,
      "workingTeamScore": 450,
      "pilots": {
        "1": 450.00003
      }
    },
    "e63c5816-6906-fd4a-9739-30a8a2b1beda": {
      "teamScore": 289,
      "workingTeamScore": 289,
      "pilots": {
        "1": 289.4737
      }
    }
  },
  "legacy-08-season-r5": {
    "06f0b8ba-0313-e04a-a28a-27e62837d686": {
      "teamScore": 450,
      "workingTeamScore": 450,
      "pilots": {
        "1": 450.00003
      }
    },
    "7da275f1-b8db-ce4a-b1d6-f77610c5697c": {
      "teamScore": 278,
      "workingTeamScore": 278,
      "pilots": {
        "1": 278.27423
      }
    },
    "e63c5816-6906-fd4a-9739-30a8a2b1beda": {
      "teamScore": 278,
      "workingTeamScore": 278,
      "pilots": {
        "1": 278.70972
      }
    }
  },
  "legacy-08-season-r6": {
    "06f0b8ba-0313-e04a-a28a-27e62837d686": {
      "teamScore": 438,
      "workingTeamScore": 438,
      "pilots": {
        "1": 438.75003
      }
    },
    "7da275f1-b8db-ce4a-b1d6-f77610c5697c": {
      "teamScore": 450,
      "workingTeamScore": 450,
      "pilots": {
        "1": 450.00003
      }
    },
    "e63c5816-6906-fd4a-9739-30a8a2b1beda": {
      "teamScore": 334,
      "workingTeamScore": 334,
      "pilots": {
        "1": 334.12503
      }
    }
  },
  "legacy-08-season-r7": {
    "06f0b8ba-0313-e04a-a28a-27e62837d686": {
      "teamScore": 241,
      "workingTeamScore": 241,
      "pilots": {
        "1": 241.87502
      }
    },
    "7da275f1-b8db-ce4a-b1d6-f77610c5697c": {
      "teamScore": 450,
      "workingTeamScore": 450,
      "pilots": {
        "1": 450.00003
      }
    },
    "e63c5816-6906-fd4a-9739-30a8a2b1beda": {
      "teamScore": 393,
      "workingTeamScore": 393,
      "pilots": {
        "1": 393.75003
      }
    }
  },
  "legacy-09-f32-raw-score-boundary": {
    "06f0b8ba-0313-e04a-a28a-27e62837d686": {
      "teamScore": 1000,
      "workingTeamScore": 1000,
      "pilots": {
        "1": 1000
      }
    },
    "7da275f1-b8db-ce4a-b1d6-f77610c5697c": {
      "teamScore": 333,
      "workingTeamScore": 333,
      "pilots": {
        "1": 333.99997
      }
    },
    "e63c5816-6906-fd4a-9739-30a8a2b1beda": {
      "teamScore": 100,
      "workingTeamScore": 100,
      "pilots": {
        "1": 100
      }
    },
    "eebfbd6e-471d-284f-b8ab-cbcddc115542": {
      "teamScore": 100,
      "workingTeamScore": 100,
      "pilots": {
        "1": 100
      }
    },
    "3286d08c-ab35-3d43-a8f5-61e9a3816619": {
      "teamScore": 100,
      "workingTeamScore": 100,